"Número";"ID";"Nombre";"Familia";"Rareza";"Color";"Maná";"Fuerza";"Vida";"Copias máximas";"Texto";"Papel";"Respuesta rival";"Arte";"Prueba"
"1";"guardian";"Guardiana del umbral";"Aliado";"Común";"#9BA5B0";"2";"2";"5";"2";"Custodia. Fuerza 2, vida 5.";"Defensa";"Daño de área o un atacante de fuerza alta.";"guardian";"CARD-01"
"2";"exploradora";"Exploradora del paso";"Aliado";"Común";"#9BA5B0";"1";"2";"3";"2";"Fuerza 2, vida 3. Ataca desde tu siguiente turno.";"Presión temprana";"Llama reveladora o un defensor de mayor vida.";"exploradora";"CARD-02"
"3";"centinela";"Centinela de bronce";"Aliado";"Común";"#9BA5B0";"3";"4";"7";"2";"Fuerza 4, vida 7. Ataca desde tu siguiente turno.";"Amenaza resistente";"Congelación, equipo rival o daño combinado.";"centinela";"CARD-03"
"4";"testigo";"Testigo del sendero";"Aliado";"Común";"#9BA5B0";"2";"3";"5";"2";"Fuerza 3, vida 5. Si ya citaste este turno, entra con 1 fuerza adicional.";"Sinergia de lectura";"Custodia o daño antes de que ataque.";"testigo";"CARD-04"
"5";"fuego";"Llama reveladora";"Hechizo";"Común";"#9BA5B0";"1";"";"";"2";"Inflige 3 de daño a un objetivo rival. Respeta Custodia.";"Daño eficiente";"Escudo o Custodia.";"llama";"CARD-05"
"6";"escudo";"Sello protector";"Hechizo";"Común";"#9BA5B0";"1";"";"";"2";"Tu refugio obtiene 5 de escudo hasta el inicio de tu próximo turno.";"Protección";"Esperar su expiración o usar daño superior al escudo.";"sello";"CARD-06"
"7";"cura";"Luz reparadora";"Hechizo";"Común";"#9BA5B0";"1";"";"";"2";"Recupera 4 de vida de tu refugio, sin superar 32.";"Recuperación";"Presión sostenida; no protege aliados.";"cura";"CARD-07"
"8";"fuente";"Consulta las fuentes";"Hechizo";"Común";"#9BA5B0";"1";"";"";"2";"Roba 2 cartas. Tu mano admite hasta 8.";"Selección de recursos";"No aporta vida, protección ni daño inmediato.";"fuentes";"CARD-08"
"9";"armadura";"Armadura de argumentos";"Reliquia";"Común";"#9BA5B0";"1";"";"";"2";"Equipa un aliado: obtiene 1 de fuerza y 2 de vida. Máximo 2 reliquias por aliado.";"Mejora equilibrada";"Eliminar o congelar al aliado equipado.";"armadura";"CARD-09"
"10";"cita";"Cita viva";"Lectura";"Común";"#9BA5B0";"0";"";"";"2";"Cita un fragmento y explica su relación: gana 1 maná, 1 de escudo y roba 1 carta. Una lectura por turno.";"Preparación de combinaciones";"Su límite por turno y la mano máxima impiden cadenas ilimitadas.";"cita";"CARD-10"
"11";"mensajera";"Mensajera del alba";"Aliado";"Común";"#9BA5B0";"1";"1";"2";"2";"Fuerza 1, vida 2. Al entrar, roba 1 carta.";"Reemplazo de mano";"Daño de área; resistencia reducida.";"mensajera";"CARD-11"
"12";"vigia";"Vigía de la muralla";"Aliado";"Común";"#9BA5B0";"1";"1";"4";"2";"Custodia. Fuerza 1, vida 4.";"Defensa temprana";"Daño dirigido de 4 o un ataque fuerte.";"vigia";"CARD-12"
"13";"aprendiz";"Aprendiz de runas";"Aliado";"Común";"#9BA5B0";"1";"3";"2";"2";"Fuerza 3, vida 2. Ataca desde tu siguiente turno.";"Ataque frágil";"Chispa combinada o un defensor.";"aprendiz";"CARD-13"
"14";"cartografa";"Cartógrafa del valle";"Aliado";"Común";"#9BA5B0";"2";"2";"4";"2";"Fuerza 2, vida 4. Al entrar, obtén 2 de escudo.";"Desarrollo con defensa";"Estadísticas moderadas; el escudo no la protege.";"cartografa";"CARD-14"
"15";"lancero";"Lancero del puente";"Aliado";"Común";"#9BA5B0";"2";"5";"2";"2";"Fuerza 5, vida 2. Ataca desde tu siguiente turno.";"Eliminar unidades resistentes";"Daño pequeño antes de que ataque.";"lancero";"CARD-15"
"16";"medica";"Médica del bosque";"Aliado";"Común";"#9BA5B0";"2";"2";"4";"2";"Fuerza 2, vida 4. Al entrar, recupera 2 de vida de tu refugio.";"Recuperación con presencia";"Ataque sostenido; curación limitada.";"medica";"CARD-16"
"17";"destello";"Destello del alba";"Hechizo";"Común";"#9BA5B0";"1";"";"";"2";"Inflige 2 de daño a un objetivo rival y obtén 1 de escudo. Respeta Custodia.";"Intercambio defensivo";"Objetivos de vida superior a 2.";"destello";"CARD-17"
"18";"brisa";"Brisa del archivo";"Hechizo";"Común";"#9BA5B0";"1";"";"";"2";"Roba 1 carta y obtén 2 de escudo.";"Preparación defensiva";"No desarrolla aliados ni inflige daño.";"brisa";"CARD-18"
"19";"velo";"Velo de piedra";"Hechizo";"Común";"#9BA5B0";"2";"";"";"2";"Obtén 10 de escudo hasta el inicio de tu próximo turno.";"Resistir un ataque intenso";"Esperar; desaparece al comenzar el turno propio.";"velo";"CARD-19"
"20";"chispa";"Chispa del debate";"Hechizo";"Común";"#9BA5B0";"1";"";"";"2";"Inflige 1 de daño a cada aliado rival. Atraviesa Custodia.";"Limpiar aliados debilitados";"Aliados resistentes y fila vacía.";"chispa";"CARD-20"
"21";"braceros";"Brazales del camino";"Reliquia";"Común";"#9BA5B0";"1";"";"";"2";"Equipa un aliado: obtiene 4 de vida, sin aumentar su fuerza.";"Resistencia";"Congelación; el aliado mantiene su fuerza original.";"braceros";"CARD-21"
"22";"botas";"Botas del viajero";"Reliquia";"Común";"#9BA5B0";"1";"";"";"2";"Equipa un aliado: obtiene 2 de fuerza y 1 de vida. No concede Prontitud.";"Presión";"Daño de área o eliminación del portador.";"botas";"CARD-22"
"23";"cotejo";"Cotejo de fuentes";"Lectura";"Común";"#9BA5B0";"0";"";"";"2";"Cita y explica un fragmento: gana 1 maná y 3 de escudo. Comparte el límite de una lectura por turno.";"Preparación defensiva";"No roba cartas y comparte límite con Cita viva.";"cotejo";"CARD-23"
"24";"pregunta";"Pregunta del lector";"Lectura";"Común";"#9BA5B0";"0";"";"";"2";"Cita y explica un fragmento: roba 2 cartas. Comparte el límite de una lectura por turno.";"Selección";"No concede maná; la mano sigue limitada a 8.";"pregunta";"CARD-24"
"25";"cronista";"Cronista de las mareas";"Aliado";"Poco común";"#60CF89";"2";"2";"3";"2";"Fuerza 2, vida 3. Al entrar, roba 1 carta.";"Desarrollo y robo";"Resistencia inferior a aliados sin robo del mismo coste.";"cronista";"CARD-25"
"26";"bibliotecario";"Custodio del archivo";"Aliado";"Poco común";"#60CF89";"3";"1";"6";"2";"Custodia. Fuerza 1, vida 6. Al entrar, roba 1 carta.";"Defensa con robo";"Fuerza baja y mayor coste.";"bibliotecario";"CARD-26"
"27";"replica";"Réplica fundada";"Hechizo";"Poco común";"#60CF89";"1";"";"";"2";"Inflige 1 de daño; si ya citaste este turno, inflige 4. Respeta Custodia.";"Daño condicionado";"Sin cita tiene poco daño; Custodia limita objetivos.";"replica";"CARD-27"
"28";"faro";"Faro del criterio";"Hechizo";"Poco común";"#60CF89";"2";"";"";"2";"Obtén 6 de escudo y roba 1 carta.";"Defensa y selección";"El escudo expira y no protege aliados.";"faro";"CARD-28"
"29";"rastreador";"Rastreador de huellas";"Aliado";"Poco común";"#60CF89";"2";"3";"2";"2";"Prontitud. Fuerza 3, vida 2. Puede atacar al entrar.";"Ataque inmediato";"Custodia y daño de respuesta; baja vida.";"rastreador";"CARD-29"
"30";"ballestera";"Ballestera del paso";"Aliado";"Poco común";"#60CF89";"2";"4";"4";"2";"Fuerza 4, vida 4. Ataca desde tu siguiente turno.";"Ataque equilibrado";"Daño combinado antes de su turno.";"ballestera";"CARD-30"
"31";"alquimista";"Alquimista del rocío";"Aliado";"Poco común";"#60CF89";"2";"2";"3";"2";"Fuerza 2, vida 3. Al entrar, recupera 2 de vida y obtén 1 de escudo.";"Recuperación mixta";"Menor resistencia que un aliado sin beneficios.";"alquimista";"CARD-31"
"32";"lector";"Lector de estrellas";"Aliado";"Poco común";"#60CF89";"3";"3";"4";"2";"Fuerza 3, vida 4. Al entrar, roba 1 carta.";"Robo con ataque";"Coste 3 y vida 4 permiten intercambio.";"lector";"CARD-32"
"33";"defensora";"Defensora del archivo";"Aliado";"Poco común";"#60CF89";"3";"3";"7";"2";"Custodia. Fuerza 3, vida 7.";"Defensa robusta";"Lanza, congelación o daño combinado.";"defensora";"CARD-33"
"34";"herbolaria";"Herbolaria de la ribera";"Aliado";"Poco común";"#60CF89";"3";"3";"4";"2";"Fuerza 3, vida 4. Vínculo vital: al atacar, cura el daño efectivo que inflige.";"Recuperación mediante combate";"Destruirla antes de atacar o absorber con escudo.";"herbolaria";"CARD-34"
"35";"espiritu";"Espíritu del farol";"Aliado";"Poco común";"#60CF89";"1";"2";"1";"2";"Fuerza 2, vida 1. Al caer, tu refugio obtiene 3 de escudo.";"Defensa diferida";"Solo deja escudo temporal; poca vida.";"espiritu";"CARD-35"
"36";"artesana";"Artesana de cristal";"Aliado";"Poco común";"#60CF89";"2";"2";"3";"2";"Fuerza 2, vida 3. Al caer, roba 1 carta.";"Recuperación de mano diferida";"Robo limitado por mano máxima; no activa al entrar.";"artesana";"CARD-36"
"37";"tormenta";"Tormenta de páginas";"Hechizo";"Poco común";"#60CF89";"3";"";"";"2";"Inflige 3 de daño a cada aliado rival. Atraviesa Custodia.";"Respuesta a filas amplias";"Aliados de más de 3 de vida y juego de una sola unidad.";"tormenta";"CARD-37"
"38";"purificar";"Agua del manantial";"Hechizo";"Poco común";"#60CF89";"2";"";"";"2";"Recupera 8 de vida de tu refugio, sin superar 32.";"Recuperación concentrada";"No elimina amenazas ni protege aliados.";"purificar";"CARD-38"
"39";"lanza";"Lanza del testimonio";"Reliquia";"Poco común";"#60CF89";"2";"";"";"2";"Equipa un aliado: obtiene 3 de fuerza y 3 de vida.";"Mejora ofensiva";"Congelación y concentración de daño en el portador.";"lanza";"CARD-39"
"40";"totemroble";"Tótem del roble";"Tótem";"Poco común";"#60CF89";"2";"";"";"2";"Al empezar tus próximos 3 turnos, obtén 2 de escudo. Ocupa un apoyo.";"Protección sostenida";"Disolver el vínculo o presión que supere 2 de escudo.";"totemroble";"CARD-40"
"41";"relacion";"Hilo de inferencia";"Hechizo";"Rara";"#56AAFF";"2";"";"";"2";"Inflige 4 de daño; si ya citaste este turno, inflige 6. Respeta Custodia.";"Daño condicionado";"Escudo y Custodia; cuesta más que daño pequeño.";"relacion";"CARD-41"
"42";"contraste";"Contraste de voces";"Hechizo";"Rara";"#56AAFF";"2";"";"";"2";"Inflige 2 de daño a cada aliado rival. Atraviesa Custodia.";"Respuesta a grupos frágiles";"Aliados de vida alta.";"contraste";"CARD-42"
"43";"arquero";"Arquero de la cumbre";"Aliado";"Rara";"#56AAFF";"3";"4";"3";"2";"Prontitud. Fuerza 4, vida 3. Puede atacar al entrar.";"Ataque inmediato fuerte";"Custodia con fuerza de respuesta y baja resistencia.";"arquero";"CARD-43"
"44";"sabia";"Sabia de los ecos";"Aliado";"Rara";"#56AAFF";"4";"2";"7";"2";"Custodia. Fuerza 2, vida 7. Al entrar, roba 2 cartas.";"Defensa y mano de coste alto";"Fuerza baja y coste 4; mano llena reduce valor.";"sabia";"CARD-44"
"45";"golem";"Gólem del archivo";"Aliado";"Rara";"#56AAFF";"4";"4";"9";"2";"Custodia. Fuerza 4, vida 9.";"Defensa pesada";"Congelación, equipos o varios efectos de daño.";"golem";"CARD-45"
"46";"duelista";"Duelista de las voces";"Aliado";"Rara";"#56AAFF";"3";"4";"5";"2";"Fuerza 4, vida 5. Si ya citaste este turno, entra con 2 de fuerza adicional.";"Presión condicionada";"Eliminar antes de que ataque; requiere cita previa.";"duelista";"CARD-46"
"47";"desvincular";"Disolver el vínculo";"Hechizo";"Rara";"#56AAFF";"2";"";"";"2";"Destruye un tótem, artefacto o héroe rival. No afecta aliados ni reliquias.";"Respuesta a permanentes";"No tiene objetivo cuando el rival carece de apoyos.";"desvincular";"CARD-47"
"48";"silencio";"Silencio del invierno";"Hechizo";"Rara";"#56AAFF";"2";"";"";"2";"Un aliado rival pierde su próximo ataque de turno propio. Después tiene un turno de Deshielo. Respeta Custodia.";"Control temporal";"Deshielo impide congelación consecutiva; no elimina Custodia.";"silencio";"CARD-48"
"49";"lente";"Lente de las fuentes";"Artefacto";"Rara";"#56AAFF";"2";"";"";"2";"Al empezar tus próximos 3 turnos, roba 1 carta. Ocupa un apoyo.";"Robo diferido";"Disolver el vínculo; no da efecto al entrar.";"lente";"CARD-49"
"50";"mareas";"Tótem de las mareas";"Tótem";"Rara";"#56AAFF";"2";"";"";"2";"Al empezar tus próximos 3 turnos, recupera 2 de vida. Ocupa un apoyo.";"Recuperación diferida";"Disolver el vínculo y daño concentrado.";"mareas";"CARD-50"
"51";"oraculo";"Oráculo de obsidiana";"Tótem";"Épica";"#BD7AFF";"3";"";"";"2";"Al empezar tus próximos 3 turnos, roba 1 carta y obtén 1 de escudo. Ocupa un apoyo.";"Robo con protección diferidos";"Inversión inicial y destrucción de apoyo.";"oraculo";"CARD-51"
"52";"eclipse";"Eclipse de certezas";"Hechizo";"Épica";"#BD7AFF";"4";"";"";"2";"Inflige 4 de daño a cada aliado rival. Atraviesa Custodia.";"Limpieza costosa de fila";"Una sola unidad resistente o fila vacía.";"eclipse";"CARD-52"
"53";"sintesis";"Síntesis luminosa";"Hechizo";"Épica";"#BD7AFF";"3";"";"";"2";"Inflige 6 de daño; si ya citaste este turno, inflige 9. Respeta Custodia.";"Daño condicionado de coste alto";"Custodia, escudo e inversión de maná.";"sintesis";"CARD-53"
"54";"estandarte";"Estandarte del acuerdo";"Reliquia";"Épica";"#BD7AFF";"3";"";"";"2";"Equipa un aliado: obtiene 3 de fuerza y 6 de vida.";"Mejora de resistencia de coste alto";"Congelación y daño de área; concentra recursos en un aliado.";"estandarte";"CARD-54"
"55";"cristal";"Cristal de memoria";"Reliquia";"Épica";"#BD7AFF";"2";"";"";"2";"Equipa un aliado: obtiene 1 de fuerza, 1 de vida y Vínculo vital.";"Recuperación ligada a ataques";"Escudo absorbe daño; congelación impide curación.";"cristal";"CARD-55"
"56";"reloj";"Reloj de las decisiones";"Artefacto";"Épica";"#BD7AFF";"3";"";"";"2";"Al empezar tus próximos 3 turnos, gana 1 maná temporal y 1 de escudo. Ocupa un apoyo.";"Recursos diferidos";"Coste inicial, tres usos y destrucción rival.";"reloj";"CARD-56"
"57";"heroGuardiana";"Aurelia, guardiana del umbral";"Héroe";"Legendaria";"#FFBC46";"3";"";"";"1";"Poder: paga 1 maná y obtén 3 de escudo, una vez por turno. Ocupa un apoyo. Un héroe por mazo.";"Defensa recurrente";"Disolver el vínculo; cuesta 3 al entrar y no da efecto inmediato.";"heroGuardiana";"CARD-57"
"58";"heroCronista";"Nereo, cronista del alba";"Héroe";"Legendaria";"#FFBC46";"3";"";"";"1";"Poder: paga 1 maná y roba 1 carta, una vez por turno. Ocupa un apoyo. Un héroe por mazo.";"Selección recurrente";"Destrucción del apoyo y mano máxima.";"heroCronista";"CARD-58"
"59";"heroExploradora";"Iria, exploradora de ecos";"Héroe";"Legendaria";"#FFBC46";"3";"";"";"1";"Poder: paga 1 maná e inflige 1 de daño a cada aliado rival, una vez por turno. Ocupa un apoyo. Un héroe por mazo.";"Presión sobre grupos";"Aliados resistentes, fila vacía y destrucción de apoyo.";"heroExploradora";"CARD-59"
"60";"umbral";"Portal del primer relato";"Artefacto";"Legendaria";"#FFBC46";"4";"";"";"1";"Al empezar tus próximos 3 turnos, recupera 1 de vida, obtén 2 de escudo y gana 1 maná temporal. Ocupa un apoyo.";"Recuperación y recursos diferidos";"Coste 4, tres activaciones y Disolver el vínculo.";"umbral";"CARD-60"
