"ID";"Carta";"Familia";"Requisito";"Estado"
"CARD-01-EFFECT";"guardian";"Aliado";"EFFECT";"exigencia de construcción; no ejecutado en motor v2"
"CARD-01-COST";"guardian";"Aliado";"COST";"exigencia de construcción; no ejecutado en motor v2"
"CARD-01-TURN";"guardian";"Aliado";"TURN";"exigencia de construcción; no ejecutado en motor v2"
"CARD-01-REVISION";"guardian";"Aliado";"REVISION";"exigencia de construcción; no ejecutado en motor v2"
"CARD-01-REPLAY";"guardian";"Aliado";"REPLAY";"exigencia de construcción; no ejecutado en motor v2"
"CARD-01-INSTANCE";"guardian";"Aliado";"INSTANCE";"exigencia de construcción; no ejecutado en motor v2"
"CARD-01-VISIBILITY";"guardian";"Aliado";"VISIBILITY";"exigencia de construcción; no ejecutado en motor v2"
"CARD-01-EVENT";"guardian";"Aliado";"EVENT";"exigencia de construcción; no ejecutado en motor v2"
"CARD-02-EFFECT";"exploradora";"Aliado";"EFFECT";"exigencia de construcción; no ejecutado en motor v2"
"CARD-02-COST";"exploradora";"Aliado";"COST";"exigencia de construcción; no ejecutado en motor v2"
"CARD-02-TURN";"exploradora";"Aliado";"TURN";"exigencia de construcción; no ejecutado en motor v2"
"CARD-02-REVISION";"exploradora";"Aliado";"REVISION";"exigencia de construcción; no ejecutado en motor v2"
"CARD-02-REPLAY";"exploradora";"Aliado";"REPLAY";"exigencia de construcción; no ejecutado en motor v2"
"CARD-02-INSTANCE";"exploradora";"Aliado";"INSTANCE";"exigencia de construcción; no ejecutado en motor v2"
"CARD-02-VISIBILITY";"exploradora";"Aliado";"VISIBILITY";"exigencia de construcción; no ejecutado en motor v2"
"CARD-02-EVENT";"exploradora";"Aliado";"EVENT";"exigencia de construcción; no ejecutado en motor v2"
"CARD-03-EFFECT";"centinela";"Aliado";"EFFECT";"exigencia de construcción; no ejecutado en motor v2"
"CARD-03-COST";"centinela";"Aliado";"COST";"exigencia de construcción; no ejecutado en motor v2"
"CARD-03-TURN";"centinela";"Aliado";"TURN";"exigencia de construcción; no ejecutado en motor v2"
"CARD-03-REVISION";"centinela";"Aliado";"REVISION";"exigencia de construcción; no ejecutado en motor v2"
"CARD-03-REPLAY";"centinela";"Aliado";"REPLAY";"exigencia de construcción; no ejecutado en motor v2"
"CARD-03-INSTANCE";"centinela";"Aliado";"INSTANCE";"exigencia de construcción; no ejecutado en motor v2"
"CARD-03-VISIBILITY";"centinela";"Aliado";"VISIBILITY";"exigencia de construcción; no ejecutado en motor v2"
"CARD-03-EVENT";"centinela";"Aliado";"EVENT";"exigencia de construcción; no ejecutado en motor v2"
"CARD-04-EFFECT";"testigo";"Aliado";"EFFECT";"exigencia de construcción; no ejecutado en motor v2"
"CARD-04-COST";"testigo";"Aliado";"COST";"exigencia de construcción; no ejecutado en motor v2"
"CARD-04-TURN";"testigo";"Aliado";"TURN";"exigencia de construcción; no ejecutado en motor v2"
"CARD-04-REVISION";"testigo";"Aliado";"REVISION";"exigencia de construcción; no ejecutado en motor v2"
"CARD-04-REPLAY";"testigo";"Aliado";"REPLAY";"exigencia de construcción; no ejecutado en motor v2"
"CARD-04-INSTANCE";"testigo";"Aliado";"INSTANCE";"exigencia de construcción; no ejecutado en motor v2"
"CARD-04-VISIBILITY";"testigo";"Aliado";"VISIBILITY";"exigencia de construcción; no ejecutado en motor v2"
"CARD-04-EVENT";"testigo";"Aliado";"EVENT";"exigencia de construcción; no ejecutado en motor v2"
"CARD-05-EFFECT";"fuego";"Hechizo";"EFFECT";"exigencia de construcción; no ejecutado en motor v2"
"CARD-05-COST";"fuego";"Hechizo";"COST";"exigencia de construcción; no ejecutado en motor v2"
"CARD-05-TURN";"fuego";"Hechizo";"TURN";"exigencia de construcción; no ejecutado en motor v2"
"CARD-05-REVISION";"fuego";"Hechizo";"REVISION";"exigencia de construcción; no ejecutado en motor v2"
"CARD-05-REPLAY";"fuego";"Hechizo";"REPLAY";"exigencia de construcción; no ejecutado en motor v2"
"CARD-05-INSTANCE";"fuego";"Hechizo";"INSTANCE";"exigencia de construcción; no ejecutado en motor v2"
"CARD-05-VISIBILITY";"fuego";"Hechizo";"VISIBILITY";"exigencia de construcción; no ejecutado en motor v2"
"CARD-05-EVENT";"fuego";"Hechizo";"EVENT";"exigencia de construcción; no ejecutado en motor v2"
"CARD-06-EFFECT";"escudo";"Hechizo";"EFFECT";"exigencia de construcción; no ejecutado en motor v2"
"CARD-06-COST";"escudo";"Hechizo";"COST";"exigencia de construcción; no ejecutado en motor v2"
"CARD-06-TURN";"escudo";"Hechizo";"TURN";"exigencia de construcción; no ejecutado en motor v2"
"CARD-06-REVISION";"escudo";"Hechizo";"REVISION";"exigencia de construcción; no ejecutado en motor v2"
"CARD-06-REPLAY";"escudo";"Hechizo";"REPLAY";"exigencia de construcción; no ejecutado en motor v2"
"CARD-06-INSTANCE";"escudo";"Hechizo";"INSTANCE";"exigencia de construcción; no ejecutado en motor v2"
"CARD-06-VISIBILITY";"escudo";"Hechizo";"VISIBILITY";"exigencia de construcción; no ejecutado en motor v2"
"CARD-06-EVENT";"escudo";"Hechizo";"EVENT";"exigencia de construcción; no ejecutado en motor v2"
"CARD-07-EFFECT";"cura";"Hechizo";"EFFECT";"exigencia de construcción; no ejecutado en motor v2"
"CARD-07-COST";"cura";"Hechizo";"COST";"exigencia de construcción; no ejecutado en motor v2"
"CARD-07-TURN";"cura";"Hechizo";"TURN";"exigencia de construcción; no ejecutado en motor v2"
"CARD-07-REVISION";"cura";"Hechizo";"REVISION";"exigencia de construcción; no ejecutado en motor v2"
"CARD-07-REPLAY";"cura";"Hechizo";"REPLAY";"exigencia de construcción; no ejecutado en motor v2"
"CARD-07-INSTANCE";"cura";"Hechizo";"INSTANCE";"exigencia de construcción; no ejecutado en motor v2"
"CARD-07-VISIBILITY";"cura";"Hechizo";"VISIBILITY";"exigencia de construcción; no ejecutado en motor v2"
"CARD-07-EVENT";"cura";"Hechizo";"EVENT";"exigencia de construcción; no ejecutado en motor v2"
"CARD-08-EFFECT";"fuente";"Hechizo";"EFFECT";"exigencia de construcción; no ejecutado en motor v2"
"CARD-08-COST";"fuente";"Hechizo";"COST";"exigencia de construcción; no ejecutado en motor v2"
"CARD-08-TURN";"fuente";"Hechizo";"TURN";"exigencia de construcción; no ejecutado en motor v2"
"CARD-08-REVISION";"fuente";"Hechizo";"REVISION";"exigencia de construcción; no ejecutado en motor v2"
"CARD-08-REPLAY";"fuente";"Hechizo";"REPLAY";"exigencia de construcción; no ejecutado en motor v2"
"CARD-08-INSTANCE";"fuente";"Hechizo";"INSTANCE";"exigencia de construcción; no ejecutado en motor v2"
"CARD-08-VISIBILITY";"fuente";"Hechizo";"VISIBILITY";"exigencia de construcción; no ejecutado en motor v2"
"CARD-08-EVENT";"fuente";"Hechizo";"EVENT";"exigencia de construcción; no ejecutado en motor v2"
"CARD-09-EFFECT";"armadura";"Reliquia";"EFFECT";"exigencia de construcción; no ejecutado en motor v2"
"CARD-09-COST";"armadura";"Reliquia";"COST";"exigencia de construcción; no ejecutado en motor v2"
"CARD-09-TURN";"armadura";"Reliquia";"TURN";"exigencia de construcción; no ejecutado en motor v2"
"CARD-09-REVISION";"armadura";"Reliquia";"REVISION";"exigencia de construcción; no ejecutado en motor v2"
"CARD-09-REPLAY";"armadura";"Reliquia";"REPLAY";"exigencia de construcción; no ejecutado en motor v2"
"CARD-09-INSTANCE";"armadura";"Reliquia";"INSTANCE";"exigencia de construcción; no ejecutado en motor v2"
"CARD-09-VISIBILITY";"armadura";"Reliquia";"VISIBILITY";"exigencia de construcción; no ejecutado en motor v2"
"CARD-09-EVENT";"armadura";"Reliquia";"EVENT";"exigencia de construcción; no ejecutado en motor v2"
"CARD-10-EFFECT";"cita";"Lectura";"EFFECT";"exigencia de construcción; no ejecutado en motor v2"
"CARD-10-COST";"cita";"Lectura";"COST";"exigencia de construcción; no ejecutado en motor v2"
"CARD-10-TURN";"cita";"Lectura";"TURN";"exigencia de construcción; no ejecutado en motor v2"
"CARD-10-REVISION";"cita";"Lectura";"REVISION";"exigencia de construcción; no ejecutado en motor v2"
"CARD-10-REPLAY";"cita";"Lectura";"REPLAY";"exigencia de construcción; no ejecutado en motor v2"
"CARD-10-INSTANCE";"cita";"Lectura";"INSTANCE";"exigencia de construcción; no ejecutado en motor v2"
"CARD-10-VISIBILITY";"cita";"Lectura";"VISIBILITY";"exigencia de construcción; no ejecutado en motor v2"
"CARD-10-EVENT";"cita";"Lectura";"EVENT";"exigencia de construcción; no ejecutado en motor v2"
"CARD-11-EFFECT";"mensajera";"Aliado";"EFFECT";"exigencia de construcción; no ejecutado en motor v2"
"CARD-11-COST";"mensajera";"Aliado";"COST";"exigencia de construcción; no ejecutado en motor v2"
"CARD-11-TURN";"mensajera";"Aliado";"TURN";"exigencia de construcción; no ejecutado en motor v2"
"CARD-11-REVISION";"mensajera";"Aliado";"REVISION";"exigencia de construcción; no ejecutado en motor v2"
"CARD-11-REPLAY";"mensajera";"Aliado";"REPLAY";"exigencia de construcción; no ejecutado en motor v2"
"CARD-11-INSTANCE";"mensajera";"Aliado";"INSTANCE";"exigencia de construcción; no ejecutado en motor v2"
"CARD-11-VISIBILITY";"mensajera";"Aliado";"VISIBILITY";"exigencia de construcción; no ejecutado en motor v2"
"CARD-11-EVENT";"mensajera";"Aliado";"EVENT";"exigencia de construcción; no ejecutado en motor v2"
"CARD-12-EFFECT";"vigia";"Aliado";"EFFECT";"exigencia de construcción; no ejecutado en motor v2"
"CARD-12-COST";"vigia";"Aliado";"COST";"exigencia de construcción; no ejecutado en motor v2"
"CARD-12-TURN";"vigia";"Aliado";"TURN";"exigencia de construcción; no ejecutado en motor v2"
"CARD-12-REVISION";"vigia";"Aliado";"REVISION";"exigencia de construcción; no ejecutado en motor v2"
"CARD-12-REPLAY";"vigia";"Aliado";"REPLAY";"exigencia de construcción; no ejecutado en motor v2"
"CARD-12-INSTANCE";"vigia";"Aliado";"INSTANCE";"exigencia de construcción; no ejecutado en motor v2"
"CARD-12-VISIBILITY";"vigia";"Aliado";"VISIBILITY";"exigencia de construcción; no ejecutado en motor v2"
"CARD-12-EVENT";"vigia";"Aliado";"EVENT";"exigencia de construcción; no ejecutado en motor v2"
"CARD-13-EFFECT";"aprendiz";"Aliado";"EFFECT";"exigencia de construcción; no ejecutado en motor v2"
"CARD-13-COST";"aprendiz";"Aliado";"COST";"exigencia de construcción; no ejecutado en motor v2"
"CARD-13-TURN";"aprendiz";"Aliado";"TURN";"exigencia de construcción; no ejecutado en motor v2"
"CARD-13-REVISION";"aprendiz";"Aliado";"REVISION";"exigencia de construcción; no ejecutado en motor v2"
"CARD-13-REPLAY";"aprendiz";"Aliado";"REPLAY";"exigencia de construcción; no ejecutado en motor v2"
"CARD-13-INSTANCE";"aprendiz";"Aliado";"INSTANCE";"exigencia de construcción; no ejecutado en motor v2"
"CARD-13-VISIBILITY";"aprendiz";"Aliado";"VISIBILITY";"exigencia de construcción; no ejecutado en motor v2"
"CARD-13-EVENT";"aprendiz";"Aliado";"EVENT";"exigencia de construcción; no ejecutado en motor v2"
"CARD-14-EFFECT";"cartografa";"Aliado";"EFFECT";"exigencia de construcción; no ejecutado en motor v2"
"CARD-14-COST";"cartografa";"Aliado";"COST";"exigencia de construcción; no ejecutado en motor v2"
"CARD-14-TURN";"cartografa";"Aliado";"TURN";"exigencia de construcción; no ejecutado en motor v2"
"CARD-14-REVISION";"cartografa";"Aliado";"REVISION";"exigencia de construcción; no ejecutado en motor v2"
"CARD-14-REPLAY";"cartografa";"Aliado";"REPLAY";"exigencia de construcción; no ejecutado en motor v2"
"CARD-14-INSTANCE";"cartografa";"Aliado";"INSTANCE";"exigencia de construcción; no ejecutado en motor v2"
"CARD-14-VISIBILITY";"cartografa";"Aliado";"VISIBILITY";"exigencia de construcción; no ejecutado en motor v2"
"CARD-14-EVENT";"cartografa";"Aliado";"EVENT";"exigencia de construcción; no ejecutado en motor v2"
"CARD-15-EFFECT";"lancero";"Aliado";"EFFECT";"exigencia de construcción; no ejecutado en motor v2"
"CARD-15-COST";"lancero";"Aliado";"COST";"exigencia de construcción; no ejecutado en motor v2"
"CARD-15-TURN";"lancero";"Aliado";"TURN";"exigencia de construcción; no ejecutado en motor v2"
"CARD-15-REVISION";"lancero";"Aliado";"REVISION";"exigencia de construcción; no ejecutado en motor v2"
"CARD-15-REPLAY";"lancero";"Aliado";"REPLAY";"exigencia de construcción; no ejecutado en motor v2"
"CARD-15-INSTANCE";"lancero";"Aliado";"INSTANCE";"exigencia de construcción; no ejecutado en motor v2"
"CARD-15-VISIBILITY";"lancero";"Aliado";"VISIBILITY";"exigencia de construcción; no ejecutado en motor v2"
"CARD-15-EVENT";"lancero";"Aliado";"EVENT";"exigencia de construcción; no ejecutado en motor v2"
"CARD-16-EFFECT";"medica";"Aliado";"EFFECT";"exigencia de construcción; no ejecutado en motor v2"
"CARD-16-COST";"medica";"Aliado";"COST";"exigencia de construcción; no ejecutado en motor v2"
"CARD-16-TURN";"medica";"Aliado";"TURN";"exigencia de construcción; no ejecutado en motor v2"
"CARD-16-REVISION";"medica";"Aliado";"REVISION";"exigencia de construcción; no ejecutado en motor v2"
"CARD-16-REPLAY";"medica";"Aliado";"REPLAY";"exigencia de construcción; no ejecutado en motor v2"
"CARD-16-INSTANCE";"medica";"Aliado";"INSTANCE";"exigencia de construcción; no ejecutado en motor v2"
"CARD-16-VISIBILITY";"medica";"Aliado";"VISIBILITY";"exigencia de construcción; no ejecutado en motor v2"
"CARD-16-EVENT";"medica";"Aliado";"EVENT";"exigencia de construcción; no ejecutado en motor v2"
"CARD-17-EFFECT";"destello";"Hechizo";"EFFECT";"exigencia de construcción; no ejecutado en motor v2"
"CARD-17-COST";"destello";"Hechizo";"COST";"exigencia de construcción; no ejecutado en motor v2"
"CARD-17-TURN";"destello";"Hechizo";"TURN";"exigencia de construcción; no ejecutado en motor v2"
"CARD-17-REVISION";"destello";"Hechizo";"REVISION";"exigencia de construcción; no ejecutado en motor v2"
"CARD-17-REPLAY";"destello";"Hechizo";"REPLAY";"exigencia de construcción; no ejecutado en motor v2"
"CARD-17-INSTANCE";"destello";"Hechizo";"INSTANCE";"exigencia de construcción; no ejecutado en motor v2"
"CARD-17-VISIBILITY";"destello";"Hechizo";"VISIBILITY";"exigencia de construcción; no ejecutado en motor v2"
"CARD-17-EVENT";"destello";"Hechizo";"EVENT";"exigencia de construcción; no ejecutado en motor v2"
"CARD-18-EFFECT";"brisa";"Hechizo";"EFFECT";"exigencia de construcción; no ejecutado en motor v2"
"CARD-18-COST";"brisa";"Hechizo";"COST";"exigencia de construcción; no ejecutado en motor v2"
"CARD-18-TURN";"brisa";"Hechizo";"TURN";"exigencia de construcción; no ejecutado en motor v2"
"CARD-18-REVISION";"brisa";"Hechizo";"REVISION";"exigencia de construcción; no ejecutado en motor v2"
"CARD-18-REPLAY";"brisa";"Hechizo";"REPLAY";"exigencia de construcción; no ejecutado en motor v2"
"CARD-18-INSTANCE";"brisa";"Hechizo";"INSTANCE";"exigencia de construcción; no ejecutado en motor v2"
"CARD-18-VISIBILITY";"brisa";"Hechizo";"VISIBILITY";"exigencia de construcción; no ejecutado en motor v2"
"CARD-18-EVENT";"brisa";"Hechizo";"EVENT";"exigencia de construcción; no ejecutado en motor v2"
"CARD-19-EFFECT";"velo";"Hechizo";"EFFECT";"exigencia de construcción; no ejecutado en motor v2"
"CARD-19-COST";"velo";"Hechizo";"COST";"exigencia de construcción; no ejecutado en motor v2"
"CARD-19-TURN";"velo";"Hechizo";"TURN";"exigencia de construcción; no ejecutado en motor v2"
"CARD-19-REVISION";"velo";"Hechizo";"REVISION";"exigencia de construcción; no ejecutado en motor v2"
"CARD-19-REPLAY";"velo";"Hechizo";"REPLAY";"exigencia de construcción; no ejecutado en motor v2"
"CARD-19-INSTANCE";"velo";"Hechizo";"INSTANCE";"exigencia de construcción; no ejecutado en motor v2"
"CARD-19-VISIBILITY";"velo";"Hechizo";"VISIBILITY";"exigencia de construcción; no ejecutado en motor v2"
"CARD-19-EVENT";"velo";"Hechizo";"EVENT";"exigencia de construcción; no ejecutado en motor v2"
"CARD-20-EFFECT";"chispa";"Hechizo";"EFFECT";"exigencia de construcción; no ejecutado en motor v2"
"CARD-20-COST";"chispa";"Hechizo";"COST";"exigencia de construcción; no ejecutado en motor v2"
"CARD-20-TURN";"chispa";"Hechizo";"TURN";"exigencia de construcción; no ejecutado en motor v2"
"CARD-20-REVISION";"chispa";"Hechizo";"REVISION";"exigencia de construcción; no ejecutado en motor v2"
"CARD-20-REPLAY";"chispa";"Hechizo";"REPLAY";"exigencia de construcción; no ejecutado en motor v2"
"CARD-20-INSTANCE";"chispa";"Hechizo";"INSTANCE";"exigencia de construcción; no ejecutado en motor v2"
"CARD-20-VISIBILITY";"chispa";"Hechizo";"VISIBILITY";"exigencia de construcción; no ejecutado en motor v2"
"CARD-20-EVENT";"chispa";"Hechizo";"EVENT";"exigencia de construcción; no ejecutado en motor v2"
"CARD-21-EFFECT";"braceros";"Reliquia";"EFFECT";"exigencia de construcción; no ejecutado en motor v2"
"CARD-21-COST";"braceros";"Reliquia";"COST";"exigencia de construcción; no ejecutado en motor v2"
"CARD-21-TURN";"braceros";"Reliquia";"TURN";"exigencia de construcción; no ejecutado en motor v2"
"CARD-21-REVISION";"braceros";"Reliquia";"REVISION";"exigencia de construcción; no ejecutado en motor v2"
"CARD-21-REPLAY";"braceros";"Reliquia";"REPLAY";"exigencia de construcción; no ejecutado en motor v2"
"CARD-21-INSTANCE";"braceros";"Reliquia";"INSTANCE";"exigencia de construcción; no ejecutado en motor v2"
"CARD-21-VISIBILITY";"braceros";"Reliquia";"VISIBILITY";"exigencia de construcción; no ejecutado en motor v2"
"CARD-21-EVENT";"braceros";"Reliquia";"EVENT";"exigencia de construcción; no ejecutado en motor v2"
"CARD-22-EFFECT";"botas";"Reliquia";"EFFECT";"exigencia de construcción; no ejecutado en motor v2"
"CARD-22-COST";"botas";"Reliquia";"COST";"exigencia de construcción; no ejecutado en motor v2"
"CARD-22-TURN";"botas";"Reliquia";"TURN";"exigencia de construcción; no ejecutado en motor v2"
"CARD-22-REVISION";"botas";"Reliquia";"REVISION";"exigencia de construcción; no ejecutado en motor v2"
"CARD-22-REPLAY";"botas";"Reliquia";"REPLAY";"exigencia de construcción; no ejecutado en motor v2"
"CARD-22-INSTANCE";"botas";"Reliquia";"INSTANCE";"exigencia de construcción; no ejecutado en motor v2"
"CARD-22-VISIBILITY";"botas";"Reliquia";"VISIBILITY";"exigencia de construcción; no ejecutado en motor v2"
"CARD-22-EVENT";"botas";"Reliquia";"EVENT";"exigencia de construcción; no ejecutado en motor v2"
"CARD-23-EFFECT";"cotejo";"Lectura";"EFFECT";"exigencia de construcción; no ejecutado en motor v2"
"CARD-23-COST";"cotejo";"Lectura";"COST";"exigencia de construcción; no ejecutado en motor v2"
"CARD-23-TURN";"cotejo";"Lectura";"TURN";"exigencia de construcción; no ejecutado en motor v2"
"CARD-23-REVISION";"cotejo";"Lectura";"REVISION";"exigencia de construcción; no ejecutado en motor v2"
"CARD-23-REPLAY";"cotejo";"Lectura";"REPLAY";"exigencia de construcción; no ejecutado en motor v2"
"CARD-23-INSTANCE";"cotejo";"Lectura";"INSTANCE";"exigencia de construcción; no ejecutado en motor v2"
"CARD-23-VISIBILITY";"cotejo";"Lectura";"VISIBILITY";"exigencia de construcción; no ejecutado en motor v2"
"CARD-23-EVENT";"cotejo";"Lectura";"EVENT";"exigencia de construcción; no ejecutado en motor v2"
"CARD-24-EFFECT";"pregunta";"Lectura";"EFFECT";"exigencia de construcción; no ejecutado en motor v2"
"CARD-24-COST";"pregunta";"Lectura";"COST";"exigencia de construcción; no ejecutado en motor v2"
"CARD-24-TURN";"pregunta";"Lectura";"TURN";"exigencia de construcción; no ejecutado en motor v2"
"CARD-24-REVISION";"pregunta";"Lectura";"REVISION";"exigencia de construcción; no ejecutado en motor v2"
"CARD-24-REPLAY";"pregunta";"Lectura";"REPLAY";"exigencia de construcción; no ejecutado en motor v2"
"CARD-24-INSTANCE";"pregunta";"Lectura";"INSTANCE";"exigencia de construcción; no ejecutado en motor v2"
"CARD-24-VISIBILITY";"pregunta";"Lectura";"VISIBILITY";"exigencia de construcción; no ejecutado en motor v2"
"CARD-24-EVENT";"pregunta";"Lectura";"EVENT";"exigencia de construcción; no ejecutado en motor v2"
"CARD-25-EFFECT";"cronista";"Aliado";"EFFECT";"exigencia de construcción; no ejecutado en motor v2"
"CARD-25-COST";"cronista";"Aliado";"COST";"exigencia de construcción; no ejecutado en motor v2"
"CARD-25-TURN";"cronista";"Aliado";"TURN";"exigencia de construcción; no ejecutado en motor v2"
"CARD-25-REVISION";"cronista";"Aliado";"REVISION";"exigencia de construcción; no ejecutado en motor v2"
"CARD-25-REPLAY";"cronista";"Aliado";"REPLAY";"exigencia de construcción; no ejecutado en motor v2"
"CARD-25-INSTANCE";"cronista";"Aliado";"INSTANCE";"exigencia de construcción; no ejecutado en motor v2"
"CARD-25-VISIBILITY";"cronista";"Aliado";"VISIBILITY";"exigencia de construcción; no ejecutado en motor v2"
"CARD-25-EVENT";"cronista";"Aliado";"EVENT";"exigencia de construcción; no ejecutado en motor v2"
"CARD-26-EFFECT";"bibliotecario";"Aliado";"EFFECT";"exigencia de construcción; no ejecutado en motor v2"
"CARD-26-COST";"bibliotecario";"Aliado";"COST";"exigencia de construcción; no ejecutado en motor v2"
"CARD-26-TURN";"bibliotecario";"Aliado";"TURN";"exigencia de construcción; no ejecutado en motor v2"
"CARD-26-REVISION";"bibliotecario";"Aliado";"REVISION";"exigencia de construcción; no ejecutado en motor v2"
"CARD-26-REPLAY";"bibliotecario";"Aliado";"REPLAY";"exigencia de construcción; no ejecutado en motor v2"
"CARD-26-INSTANCE";"bibliotecario";"Aliado";"INSTANCE";"exigencia de construcción; no ejecutado en motor v2"
"CARD-26-VISIBILITY";"bibliotecario";"Aliado";"VISIBILITY";"exigencia de construcción; no ejecutado en motor v2"
"CARD-26-EVENT";"bibliotecario";"Aliado";"EVENT";"exigencia de construcción; no ejecutado en motor v2"
"CARD-27-EFFECT";"replica";"Hechizo";"EFFECT";"exigencia de construcción; no ejecutado en motor v2"
"CARD-27-COST";"replica";"Hechizo";"COST";"exigencia de construcción; no ejecutado en motor v2"
"CARD-27-TURN";"replica";"Hechizo";"TURN";"exigencia de construcción; no ejecutado en motor v2"
"CARD-27-REVISION";"replica";"Hechizo";"REVISION";"exigencia de construcción; no ejecutado en motor v2"
"CARD-27-REPLAY";"replica";"Hechizo";"REPLAY";"exigencia de construcción; no ejecutado en motor v2"
"CARD-27-INSTANCE";"replica";"Hechizo";"INSTANCE";"exigencia de construcción; no ejecutado en motor v2"
"CARD-27-VISIBILITY";"replica";"Hechizo";"VISIBILITY";"exigencia de construcción; no ejecutado en motor v2"
"CARD-27-EVENT";"replica";"Hechizo";"EVENT";"exigencia de construcción; no ejecutado en motor v2"
"CARD-28-EFFECT";"faro";"Hechizo";"EFFECT";"exigencia de construcción; no ejecutado en motor v2"
"CARD-28-COST";"faro";"Hechizo";"COST";"exigencia de construcción; no ejecutado en motor v2"
"CARD-28-TURN";"faro";"Hechizo";"TURN";"exigencia de construcción; no ejecutado en motor v2"
"CARD-28-REVISION";"faro";"Hechizo";"REVISION";"exigencia de construcción; no ejecutado en motor v2"
"CARD-28-REPLAY";"faro";"Hechizo";"REPLAY";"exigencia de construcción; no ejecutado en motor v2"
"CARD-28-INSTANCE";"faro";"Hechizo";"INSTANCE";"exigencia de construcción; no ejecutado en motor v2"
"CARD-28-VISIBILITY";"faro";"Hechizo";"VISIBILITY";"exigencia de construcción; no ejecutado en motor v2"
"CARD-28-EVENT";"faro";"Hechizo";"EVENT";"exigencia de construcción; no ejecutado en motor v2"
"CARD-29-EFFECT";"rastreador";"Aliado";"EFFECT";"exigencia de construcción; no ejecutado en motor v2"
"CARD-29-COST";"rastreador";"Aliado";"COST";"exigencia de construcción; no ejecutado en motor v2"
"CARD-29-TURN";"rastreador";"Aliado";"TURN";"exigencia de construcción; no ejecutado en motor v2"
"CARD-29-REVISION";"rastreador";"Aliado";"REVISION";"exigencia de construcción; no ejecutado en motor v2"
"CARD-29-REPLAY";"rastreador";"Aliado";"REPLAY";"exigencia de construcción; no ejecutado en motor v2"
"CARD-29-INSTANCE";"rastreador";"Aliado";"INSTANCE";"exigencia de construcción; no ejecutado en motor v2"
"CARD-29-VISIBILITY";"rastreador";"Aliado";"VISIBILITY";"exigencia de construcción; no ejecutado en motor v2"
"CARD-29-EVENT";"rastreador";"Aliado";"EVENT";"exigencia de construcción; no ejecutado en motor v2"
"CARD-30-EFFECT";"ballestera";"Aliado";"EFFECT";"exigencia de construcción; no ejecutado en motor v2"
"CARD-30-COST";"ballestera";"Aliado";"COST";"exigencia de construcción; no ejecutado en motor v2"
"CARD-30-TURN";"ballestera";"Aliado";"TURN";"exigencia de construcción; no ejecutado en motor v2"
"CARD-30-REVISION";"ballestera";"Aliado";"REVISION";"exigencia de construcción; no ejecutado en motor v2"
"CARD-30-REPLAY";"ballestera";"Aliado";"REPLAY";"exigencia de construcción; no ejecutado en motor v2"
"CARD-30-INSTANCE";"ballestera";"Aliado";"INSTANCE";"exigencia de construcción; no ejecutado en motor v2"
"CARD-30-VISIBILITY";"ballestera";"Aliado";"VISIBILITY";"exigencia de construcción; no ejecutado en motor v2"
"CARD-30-EVENT";"ballestera";"Aliado";"EVENT";"exigencia de construcción; no ejecutado en motor v2"
"CARD-31-EFFECT";"alquimista";"Aliado";"EFFECT";"exigencia de construcción; no ejecutado en motor v2"
"CARD-31-COST";"alquimista";"Aliado";"COST";"exigencia de construcción; no ejecutado en motor v2"
"CARD-31-TURN";"alquimista";"Aliado";"TURN";"exigencia de construcción; no ejecutado en motor v2"
"CARD-31-REVISION";"alquimista";"Aliado";"REVISION";"exigencia de construcción; no ejecutado en motor v2"
"CARD-31-REPLAY";"alquimista";"Aliado";"REPLAY";"exigencia de construcción; no ejecutado en motor v2"
"CARD-31-INSTANCE";"alquimista";"Aliado";"INSTANCE";"exigencia de construcción; no ejecutado en motor v2"
"CARD-31-VISIBILITY";"alquimista";"Aliado";"VISIBILITY";"exigencia de construcción; no ejecutado en motor v2"
"CARD-31-EVENT";"alquimista";"Aliado";"EVENT";"exigencia de construcción; no ejecutado en motor v2"
"CARD-32-EFFECT";"lector";"Aliado";"EFFECT";"exigencia de construcción; no ejecutado en motor v2"
"CARD-32-COST";"lector";"Aliado";"COST";"exigencia de construcción; no ejecutado en motor v2"
"CARD-32-TURN";"lector";"Aliado";"TURN";"exigencia de construcción; no ejecutado en motor v2"
"CARD-32-REVISION";"lector";"Aliado";"REVISION";"exigencia de construcción; no ejecutado en motor v2"
"CARD-32-REPLAY";"lector";"Aliado";"REPLAY";"exigencia de construcción; no ejecutado en motor v2"
"CARD-32-INSTANCE";"lector";"Aliado";"INSTANCE";"exigencia de construcción; no ejecutado en motor v2"
"CARD-32-VISIBILITY";"lector";"Aliado";"VISIBILITY";"exigencia de construcción; no ejecutado en motor v2"
"CARD-32-EVENT";"lector";"Aliado";"EVENT";"exigencia de construcción; no ejecutado en motor v2"
"CARD-33-EFFECT";"defensora";"Aliado";"EFFECT";"exigencia de construcción; no ejecutado en motor v2"
"CARD-33-COST";"defensora";"Aliado";"COST";"exigencia de construcción; no ejecutado en motor v2"
"CARD-33-TURN";"defensora";"Aliado";"TURN";"exigencia de construcción; no ejecutado en motor v2"
"CARD-33-REVISION";"defensora";"Aliado";"REVISION";"exigencia de construcción; no ejecutado en motor v2"
"CARD-33-REPLAY";"defensora";"Aliado";"REPLAY";"exigencia de construcción; no ejecutado en motor v2"
"CARD-33-INSTANCE";"defensora";"Aliado";"INSTANCE";"exigencia de construcción; no ejecutado en motor v2"
"CARD-33-VISIBILITY";"defensora";"Aliado";"VISIBILITY";"exigencia de construcción; no ejecutado en motor v2"
"CARD-33-EVENT";"defensora";"Aliado";"EVENT";"exigencia de construcción; no ejecutado en motor v2"
"CARD-34-EFFECT";"herbolaria";"Aliado";"EFFECT";"exigencia de construcción; no ejecutado en motor v2"
"CARD-34-COST";"herbolaria";"Aliado";"COST";"exigencia de construcción; no ejecutado en motor v2"
"CARD-34-TURN";"herbolaria";"Aliado";"TURN";"exigencia de construcción; no ejecutado en motor v2"
"CARD-34-REVISION";"herbolaria";"Aliado";"REVISION";"exigencia de construcción; no ejecutado en motor v2"
"CARD-34-REPLAY";"herbolaria";"Aliado";"REPLAY";"exigencia de construcción; no ejecutado en motor v2"
"CARD-34-INSTANCE";"herbolaria";"Aliado";"INSTANCE";"exigencia de construcción; no ejecutado en motor v2"
"CARD-34-VISIBILITY";"herbolaria";"Aliado";"VISIBILITY";"exigencia de construcción; no ejecutado en motor v2"
"CARD-34-EVENT";"herbolaria";"Aliado";"EVENT";"exigencia de construcción; no ejecutado en motor v2"
"CARD-35-EFFECT";"espiritu";"Aliado";"EFFECT";"exigencia de construcción; no ejecutado en motor v2"
"CARD-35-COST";"espiritu";"Aliado";"COST";"exigencia de construcción; no ejecutado en motor v2"
"CARD-35-TURN";"espiritu";"Aliado";"TURN";"exigencia de construcción; no ejecutado en motor v2"
"CARD-35-REVISION";"espiritu";"Aliado";"REVISION";"exigencia de construcción; no ejecutado en motor v2"
"CARD-35-REPLAY";"espiritu";"Aliado";"REPLAY";"exigencia de construcción; no ejecutado en motor v2"
"CARD-35-INSTANCE";"espiritu";"Aliado";"INSTANCE";"exigencia de construcción; no ejecutado en motor v2"
"CARD-35-VISIBILITY";"espiritu";"Aliado";"VISIBILITY";"exigencia de construcción; no ejecutado en motor v2"
"CARD-35-EVENT";"espiritu";"Aliado";"EVENT";"exigencia de construcción; no ejecutado en motor v2"
"CARD-36-EFFECT";"artesana";"Aliado";"EFFECT";"exigencia de construcción; no ejecutado en motor v2"
"CARD-36-COST";"artesana";"Aliado";"COST";"exigencia de construcción; no ejecutado en motor v2"
"CARD-36-TURN";"artesana";"Aliado";"TURN";"exigencia de construcción; no ejecutado en motor v2"
"CARD-36-REVISION";"artesana";"Aliado";"REVISION";"exigencia de construcción; no ejecutado en motor v2"
"CARD-36-REPLAY";"artesana";"Aliado";"REPLAY";"exigencia de construcción; no ejecutado en motor v2"
"CARD-36-INSTANCE";"artesana";"Aliado";"INSTANCE";"exigencia de construcción; no ejecutado en motor v2"
"CARD-36-VISIBILITY";"artesana";"Aliado";"VISIBILITY";"exigencia de construcción; no ejecutado en motor v2"
"CARD-36-EVENT";"artesana";"Aliado";"EVENT";"exigencia de construcción; no ejecutado en motor v2"
"CARD-37-EFFECT";"tormenta";"Hechizo";"EFFECT";"exigencia de construcción; no ejecutado en motor v2"
"CARD-37-COST";"tormenta";"Hechizo";"COST";"exigencia de construcción; no ejecutado en motor v2"
"CARD-37-TURN";"tormenta";"Hechizo";"TURN";"exigencia de construcción; no ejecutado en motor v2"
"CARD-37-REVISION";"tormenta";"Hechizo";"REVISION";"exigencia de construcción; no ejecutado en motor v2"
"CARD-37-REPLAY";"tormenta";"Hechizo";"REPLAY";"exigencia de construcción; no ejecutado en motor v2"
"CARD-37-INSTANCE";"tormenta";"Hechizo";"INSTANCE";"exigencia de construcción; no ejecutado en motor v2"
"CARD-37-VISIBILITY";"tormenta";"Hechizo";"VISIBILITY";"exigencia de construcción; no ejecutado en motor v2"
"CARD-37-EVENT";"tormenta";"Hechizo";"EVENT";"exigencia de construcción; no ejecutado en motor v2"
"CARD-38-EFFECT";"purificar";"Hechizo";"EFFECT";"exigencia de construcción; no ejecutado en motor v2"
"CARD-38-COST";"purificar";"Hechizo";"COST";"exigencia de construcción; no ejecutado en motor v2"
"CARD-38-TURN";"purificar";"Hechizo";"TURN";"exigencia de construcción; no ejecutado en motor v2"
"CARD-38-REVISION";"purificar";"Hechizo";"REVISION";"exigencia de construcción; no ejecutado en motor v2"
"CARD-38-REPLAY";"purificar";"Hechizo";"REPLAY";"exigencia de construcción; no ejecutado en motor v2"
"CARD-38-INSTANCE";"purificar";"Hechizo";"INSTANCE";"exigencia de construcción; no ejecutado en motor v2"
"CARD-38-VISIBILITY";"purificar";"Hechizo";"VISIBILITY";"exigencia de construcción; no ejecutado en motor v2"
"CARD-38-EVENT";"purificar";"Hechizo";"EVENT";"exigencia de construcción; no ejecutado en motor v2"
"CARD-39-EFFECT";"lanza";"Reliquia";"EFFECT";"exigencia de construcción; no ejecutado en motor v2"
"CARD-39-COST";"lanza";"Reliquia";"COST";"exigencia de construcción; no ejecutado en motor v2"
"CARD-39-TURN";"lanza";"Reliquia";"TURN";"exigencia de construcción; no ejecutado en motor v2"
"CARD-39-REVISION";"lanza";"Reliquia";"REVISION";"exigencia de construcción; no ejecutado en motor v2"
"CARD-39-REPLAY";"lanza";"Reliquia";"REPLAY";"exigencia de construcción; no ejecutado en motor v2"
"CARD-39-INSTANCE";"lanza";"Reliquia";"INSTANCE";"exigencia de construcción; no ejecutado en motor v2"
"CARD-39-VISIBILITY";"lanza";"Reliquia";"VISIBILITY";"exigencia de construcción; no ejecutado en motor v2"
"CARD-39-EVENT";"lanza";"Reliquia";"EVENT";"exigencia de construcción; no ejecutado en motor v2"
"CARD-40-EFFECT";"totemroble";"Tótem";"EFFECT";"exigencia de construcción; no ejecutado en motor v2"
"CARD-40-COST";"totemroble";"Tótem";"COST";"exigencia de construcción; no ejecutado en motor v2"
"CARD-40-TURN";"totemroble";"Tótem";"TURN";"exigencia de construcción; no ejecutado en motor v2"
"CARD-40-REVISION";"totemroble";"Tótem";"REVISION";"exigencia de construcción; no ejecutado en motor v2"
"CARD-40-REPLAY";"totemroble";"Tótem";"REPLAY";"exigencia de construcción; no ejecutado en motor v2"
"CARD-40-INSTANCE";"totemroble";"Tótem";"INSTANCE";"exigencia de construcción; no ejecutado en motor v2"
"CARD-40-VISIBILITY";"totemroble";"Tótem";"VISIBILITY";"exigencia de construcción; no ejecutado en motor v2"
"CARD-40-EVENT";"totemroble";"Tótem";"EVENT";"exigencia de construcción; no ejecutado en motor v2"
"CARD-41-EFFECT";"relacion";"Hechizo";"EFFECT";"exigencia de construcción; no ejecutado en motor v2"
"CARD-41-COST";"relacion";"Hechizo";"COST";"exigencia de construcción; no ejecutado en motor v2"
"CARD-41-TURN";"relacion";"Hechizo";"TURN";"exigencia de construcción; no ejecutado en motor v2"
"CARD-41-REVISION";"relacion";"Hechizo";"REVISION";"exigencia de construcción; no ejecutado en motor v2"
"CARD-41-REPLAY";"relacion";"Hechizo";"REPLAY";"exigencia de construcción; no ejecutado en motor v2"
"CARD-41-INSTANCE";"relacion";"Hechizo";"INSTANCE";"exigencia de construcción; no ejecutado en motor v2"
"CARD-41-VISIBILITY";"relacion";"Hechizo";"VISIBILITY";"exigencia de construcción; no ejecutado en motor v2"
"CARD-41-EVENT";"relacion";"Hechizo";"EVENT";"exigencia de construcción; no ejecutado en motor v2"
"CARD-42-EFFECT";"contraste";"Hechizo";"EFFECT";"exigencia de construcción; no ejecutado en motor v2"
"CARD-42-COST";"contraste";"Hechizo";"COST";"exigencia de construcción; no ejecutado en motor v2"
"CARD-42-TURN";"contraste";"Hechizo";"TURN";"exigencia de construcción; no ejecutado en motor v2"
"CARD-42-REVISION";"contraste";"Hechizo";"REVISION";"exigencia de construcción; no ejecutado en motor v2"
"CARD-42-REPLAY";"contraste";"Hechizo";"REPLAY";"exigencia de construcción; no ejecutado en motor v2"
"CARD-42-INSTANCE";"contraste";"Hechizo";"INSTANCE";"exigencia de construcción; no ejecutado en motor v2"
"CARD-42-VISIBILITY";"contraste";"Hechizo";"VISIBILITY";"exigencia de construcción; no ejecutado en motor v2"
"CARD-42-EVENT";"contraste";"Hechizo";"EVENT";"exigencia de construcción; no ejecutado en motor v2"
"CARD-43-EFFECT";"arquero";"Aliado";"EFFECT";"exigencia de construcción; no ejecutado en motor v2"
"CARD-43-COST";"arquero";"Aliado";"COST";"exigencia de construcción; no ejecutado en motor v2"
"CARD-43-TURN";"arquero";"Aliado";"TURN";"exigencia de construcción; no ejecutado en motor v2"
"CARD-43-REVISION";"arquero";"Aliado";"REVISION";"exigencia de construcción; no ejecutado en motor v2"
"CARD-43-REPLAY";"arquero";"Aliado";"REPLAY";"exigencia de construcción; no ejecutado en motor v2"
"CARD-43-INSTANCE";"arquero";"Aliado";"INSTANCE";"exigencia de construcción; no ejecutado en motor v2"
"CARD-43-VISIBILITY";"arquero";"Aliado";"VISIBILITY";"exigencia de construcción; no ejecutado en motor v2"
"CARD-43-EVENT";"arquero";"Aliado";"EVENT";"exigencia de construcción; no ejecutado en motor v2"
"CARD-44-EFFECT";"sabia";"Aliado";"EFFECT";"exigencia de construcción; no ejecutado en motor v2"
"CARD-44-COST";"sabia";"Aliado";"COST";"exigencia de construcción; no ejecutado en motor v2"
"CARD-44-TURN";"sabia";"Aliado";"TURN";"exigencia de construcción; no ejecutado en motor v2"
"CARD-44-REVISION";"sabia";"Aliado";"REVISION";"exigencia de construcción; no ejecutado en motor v2"
"CARD-44-REPLAY";"sabia";"Aliado";"REPLAY";"exigencia de construcción; no ejecutado en motor v2"
"CARD-44-INSTANCE";"sabia";"Aliado";"INSTANCE";"exigencia de construcción; no ejecutado en motor v2"
"CARD-44-VISIBILITY";"sabia";"Aliado";"VISIBILITY";"exigencia de construcción; no ejecutado en motor v2"
"CARD-44-EVENT";"sabia";"Aliado";"EVENT";"exigencia de construcción; no ejecutado en motor v2"
"CARD-45-EFFECT";"golem";"Aliado";"EFFECT";"exigencia de construcción; no ejecutado en motor v2"
"CARD-45-COST";"golem";"Aliado";"COST";"exigencia de construcción; no ejecutado en motor v2"
"CARD-45-TURN";"golem";"Aliado";"TURN";"exigencia de construcción; no ejecutado en motor v2"
"CARD-45-REVISION";"golem";"Aliado";"REVISION";"exigencia de construcción; no ejecutado en motor v2"
"CARD-45-REPLAY";"golem";"Aliado";"REPLAY";"exigencia de construcción; no ejecutado en motor v2"
"CARD-45-INSTANCE";"golem";"Aliado";"INSTANCE";"exigencia de construcción; no ejecutado en motor v2"
"CARD-45-VISIBILITY";"golem";"Aliado";"VISIBILITY";"exigencia de construcción; no ejecutado en motor v2"
"CARD-45-EVENT";"golem";"Aliado";"EVENT";"exigencia de construcción; no ejecutado en motor v2"
"CARD-46-EFFECT";"duelista";"Aliado";"EFFECT";"exigencia de construcción; no ejecutado en motor v2"
"CARD-46-COST";"duelista";"Aliado";"COST";"exigencia de construcción; no ejecutado en motor v2"
"CARD-46-TURN";"duelista";"Aliado";"TURN";"exigencia de construcción; no ejecutado en motor v2"
"CARD-46-REVISION";"duelista";"Aliado";"REVISION";"exigencia de construcción; no ejecutado en motor v2"
"CARD-46-REPLAY";"duelista";"Aliado";"REPLAY";"exigencia de construcción; no ejecutado en motor v2"
"CARD-46-INSTANCE";"duelista";"Aliado";"INSTANCE";"exigencia de construcción; no ejecutado en motor v2"
"CARD-46-VISIBILITY";"duelista";"Aliado";"VISIBILITY";"exigencia de construcción; no ejecutado en motor v2"
"CARD-46-EVENT";"duelista";"Aliado";"EVENT";"exigencia de construcción; no ejecutado en motor v2"
"CARD-47-EFFECT";"desvincular";"Hechizo";"EFFECT";"exigencia de construcción; no ejecutado en motor v2"
"CARD-47-COST";"desvincular";"Hechizo";"COST";"exigencia de construcción; no ejecutado en motor v2"
"CARD-47-TURN";"desvincular";"Hechizo";"TURN";"exigencia de construcción; no ejecutado en motor v2"
"CARD-47-REVISION";"desvincular";"Hechizo";"REVISION";"exigencia de construcción; no ejecutado en motor v2"
"CARD-47-REPLAY";"desvincular";"Hechizo";"REPLAY";"exigencia de construcción; no ejecutado en motor v2"
"CARD-47-INSTANCE";"desvincular";"Hechizo";"INSTANCE";"exigencia de construcción; no ejecutado en motor v2"
"CARD-47-VISIBILITY";"desvincular";"Hechizo";"VISIBILITY";"exigencia de construcción; no ejecutado en motor v2"
"CARD-47-EVENT";"desvincular";"Hechizo";"EVENT";"exigencia de construcción; no ejecutado en motor v2"
"CARD-48-EFFECT";"silencio";"Hechizo";"EFFECT";"exigencia de construcción; no ejecutado en motor v2"
"CARD-48-COST";"silencio";"Hechizo";"COST";"exigencia de construcción; no ejecutado en motor v2"
"CARD-48-TURN";"silencio";"Hechizo";"TURN";"exigencia de construcción; no ejecutado en motor v2"
"CARD-48-REVISION";"silencio";"Hechizo";"REVISION";"exigencia de construcción; no ejecutado en motor v2"
"CARD-48-REPLAY";"silencio";"Hechizo";"REPLAY";"exigencia de construcción; no ejecutado en motor v2"
"CARD-48-INSTANCE";"silencio";"Hechizo";"INSTANCE";"exigencia de construcción; no ejecutado en motor v2"
"CARD-48-VISIBILITY";"silencio";"Hechizo";"VISIBILITY";"exigencia de construcción; no ejecutado en motor v2"
"CARD-48-EVENT";"silencio";"Hechizo";"EVENT";"exigencia de construcción; no ejecutado en motor v2"
"CARD-49-EFFECT";"lente";"Artefacto";"EFFECT";"exigencia de construcción; no ejecutado en motor v2"
"CARD-49-COST";"lente";"Artefacto";"COST";"exigencia de construcción; no ejecutado en motor v2"
"CARD-49-TURN";"lente";"Artefacto";"TURN";"exigencia de construcción; no ejecutado en motor v2"
"CARD-49-REVISION";"lente";"Artefacto";"REVISION";"exigencia de construcción; no ejecutado en motor v2"
"CARD-49-REPLAY";"lente";"Artefacto";"REPLAY";"exigencia de construcción; no ejecutado en motor v2"
"CARD-49-INSTANCE";"lente";"Artefacto";"INSTANCE";"exigencia de construcción; no ejecutado en motor v2"
"CARD-49-VISIBILITY";"lente";"Artefacto";"VISIBILITY";"exigencia de construcción; no ejecutado en motor v2"
"CARD-49-EVENT";"lente";"Artefacto";"EVENT";"exigencia de construcción; no ejecutado en motor v2"
"CARD-50-EFFECT";"mareas";"Tótem";"EFFECT";"exigencia de construcción; no ejecutado en motor v2"
"CARD-50-COST";"mareas";"Tótem";"COST";"exigencia de construcción; no ejecutado en motor v2"
"CARD-50-TURN";"mareas";"Tótem";"TURN";"exigencia de construcción; no ejecutado en motor v2"
"CARD-50-REVISION";"mareas";"Tótem";"REVISION";"exigencia de construcción; no ejecutado en motor v2"
"CARD-50-REPLAY";"mareas";"Tótem";"REPLAY";"exigencia de construcción; no ejecutado en motor v2"
"CARD-50-INSTANCE";"mareas";"Tótem";"INSTANCE";"exigencia de construcción; no ejecutado en motor v2"
"CARD-50-VISIBILITY";"mareas";"Tótem";"VISIBILITY";"exigencia de construcción; no ejecutado en motor v2"
"CARD-50-EVENT";"mareas";"Tótem";"EVENT";"exigencia de construcción; no ejecutado en motor v2"
"CARD-51-EFFECT";"oraculo";"Tótem";"EFFECT";"exigencia de construcción; no ejecutado en motor v2"
"CARD-51-COST";"oraculo";"Tótem";"COST";"exigencia de construcción; no ejecutado en motor v2"
"CARD-51-TURN";"oraculo";"Tótem";"TURN";"exigencia de construcción; no ejecutado en motor v2"
"CARD-51-REVISION";"oraculo";"Tótem";"REVISION";"exigencia de construcción; no ejecutado en motor v2"
"CARD-51-REPLAY";"oraculo";"Tótem";"REPLAY";"exigencia de construcción; no ejecutado en motor v2"
"CARD-51-INSTANCE";"oraculo";"Tótem";"INSTANCE";"exigencia de construcción; no ejecutado en motor v2"
"CARD-51-VISIBILITY";"oraculo";"Tótem";"VISIBILITY";"exigencia de construcción; no ejecutado en motor v2"
"CARD-51-EVENT";"oraculo";"Tótem";"EVENT";"exigencia de construcción; no ejecutado en motor v2"
"CARD-52-EFFECT";"eclipse";"Hechizo";"EFFECT";"exigencia de construcción; no ejecutado en motor v2"
"CARD-52-COST";"eclipse";"Hechizo";"COST";"exigencia de construcción; no ejecutado en motor v2"
"CARD-52-TURN";"eclipse";"Hechizo";"TURN";"exigencia de construcción; no ejecutado en motor v2"
"CARD-52-REVISION";"eclipse";"Hechizo";"REVISION";"exigencia de construcción; no ejecutado en motor v2"
"CARD-52-REPLAY";"eclipse";"Hechizo";"REPLAY";"exigencia de construcción; no ejecutado en motor v2"
"CARD-52-INSTANCE";"eclipse";"Hechizo";"INSTANCE";"exigencia de construcción; no ejecutado en motor v2"
"CARD-52-VISIBILITY";"eclipse";"Hechizo";"VISIBILITY";"exigencia de construcción; no ejecutado en motor v2"
"CARD-52-EVENT";"eclipse";"Hechizo";"EVENT";"exigencia de construcción; no ejecutado en motor v2"
"CARD-53-EFFECT";"sintesis";"Hechizo";"EFFECT";"exigencia de construcción; no ejecutado en motor v2"
"CARD-53-COST";"sintesis";"Hechizo";"COST";"exigencia de construcción; no ejecutado en motor v2"
"CARD-53-TURN";"sintesis";"Hechizo";"TURN";"exigencia de construcción; no ejecutado en motor v2"
"CARD-53-REVISION";"sintesis";"Hechizo";"REVISION";"exigencia de construcción; no ejecutado en motor v2"
"CARD-53-REPLAY";"sintesis";"Hechizo";"REPLAY";"exigencia de construcción; no ejecutado en motor v2"
"CARD-53-INSTANCE";"sintesis";"Hechizo";"INSTANCE";"exigencia de construcción; no ejecutado en motor v2"
"CARD-53-VISIBILITY";"sintesis";"Hechizo";"VISIBILITY";"exigencia de construcción; no ejecutado en motor v2"
"CARD-53-EVENT";"sintesis";"Hechizo";"EVENT";"exigencia de construcción; no ejecutado en motor v2"
"CARD-54-EFFECT";"estandarte";"Reliquia";"EFFECT";"exigencia de construcción; no ejecutado en motor v2"
"CARD-54-COST";"estandarte";"Reliquia";"COST";"exigencia de construcción; no ejecutado en motor v2"
"CARD-54-TURN";"estandarte";"Reliquia";"TURN";"exigencia de construcción; no ejecutado en motor v2"
"CARD-54-REVISION";"estandarte";"Reliquia";"REVISION";"exigencia de construcción; no ejecutado en motor v2"
"CARD-54-REPLAY";"estandarte";"Reliquia";"REPLAY";"exigencia de construcción; no ejecutado en motor v2"
"CARD-54-INSTANCE";"estandarte";"Reliquia";"INSTANCE";"exigencia de construcción; no ejecutado en motor v2"
"CARD-54-VISIBILITY";"estandarte";"Reliquia";"VISIBILITY";"exigencia de construcción; no ejecutado en motor v2"
"CARD-54-EVENT";"estandarte";"Reliquia";"EVENT";"exigencia de construcción; no ejecutado en motor v2"
"CARD-55-EFFECT";"cristal";"Reliquia";"EFFECT";"exigencia de construcción; no ejecutado en motor v2"
"CARD-55-COST";"cristal";"Reliquia";"COST";"exigencia de construcción; no ejecutado en motor v2"
"CARD-55-TURN";"cristal";"Reliquia";"TURN";"exigencia de construcción; no ejecutado en motor v2"
"CARD-55-REVISION";"cristal";"Reliquia";"REVISION";"exigencia de construcción; no ejecutado en motor v2"
"CARD-55-REPLAY";"cristal";"Reliquia";"REPLAY";"exigencia de construcción; no ejecutado en motor v2"
"CARD-55-INSTANCE";"cristal";"Reliquia";"INSTANCE";"exigencia de construcción; no ejecutado en motor v2"
"CARD-55-VISIBILITY";"cristal";"Reliquia";"VISIBILITY";"exigencia de construcción; no ejecutado en motor v2"
"CARD-55-EVENT";"cristal";"Reliquia";"EVENT";"exigencia de construcción; no ejecutado en motor v2"
"CARD-56-EFFECT";"reloj";"Artefacto";"EFFECT";"exigencia de construcción; no ejecutado en motor v2"
"CARD-56-COST";"reloj";"Artefacto";"COST";"exigencia de construcción; no ejecutado en motor v2"
"CARD-56-TURN";"reloj";"Artefacto";"TURN";"exigencia de construcción; no ejecutado en motor v2"
"CARD-56-REVISION";"reloj";"Artefacto";"REVISION";"exigencia de construcción; no ejecutado en motor v2"
"CARD-56-REPLAY";"reloj";"Artefacto";"REPLAY";"exigencia de construcción; no ejecutado en motor v2"
"CARD-56-INSTANCE";"reloj";"Artefacto";"INSTANCE";"exigencia de construcción; no ejecutado en motor v2"
"CARD-56-VISIBILITY";"reloj";"Artefacto";"VISIBILITY";"exigencia de construcción; no ejecutado en motor v2"
"CARD-56-EVENT";"reloj";"Artefacto";"EVENT";"exigencia de construcción; no ejecutado en motor v2"
"CARD-57-EFFECT";"heroGuardiana";"Héroe";"EFFECT";"exigencia de construcción; no ejecutado en motor v2"
"CARD-57-COST";"heroGuardiana";"Héroe";"COST";"exigencia de construcción; no ejecutado en motor v2"
"CARD-57-TURN";"heroGuardiana";"Héroe";"TURN";"exigencia de construcción; no ejecutado en motor v2"
"CARD-57-REVISION";"heroGuardiana";"Héroe";"REVISION";"exigencia de construcción; no ejecutado en motor v2"
"CARD-57-REPLAY";"heroGuardiana";"Héroe";"REPLAY";"exigencia de construcción; no ejecutado en motor v2"
"CARD-57-INSTANCE";"heroGuardiana";"Héroe";"INSTANCE";"exigencia de construcción; no ejecutado en motor v2"
"CARD-57-VISIBILITY";"heroGuardiana";"Héroe";"VISIBILITY";"exigencia de construcción; no ejecutado en motor v2"
"CARD-57-EVENT";"heroGuardiana";"Héroe";"EVENT";"exigencia de construcción; no ejecutado en motor v2"
"CARD-58-EFFECT";"heroCronista";"Héroe";"EFFECT";"exigencia de construcción; no ejecutado en motor v2"
"CARD-58-COST";"heroCronista";"Héroe";"COST";"exigencia de construcción; no ejecutado en motor v2"
"CARD-58-TURN";"heroCronista";"Héroe";"TURN";"exigencia de construcción; no ejecutado en motor v2"
"CARD-58-REVISION";"heroCronista";"Héroe";"REVISION";"exigencia de construcción; no ejecutado en motor v2"
"CARD-58-REPLAY";"heroCronista";"Héroe";"REPLAY";"exigencia de construcción; no ejecutado en motor v2"
"CARD-58-INSTANCE";"heroCronista";"Héroe";"INSTANCE";"exigencia de construcción; no ejecutado en motor v2"
"CARD-58-VISIBILITY";"heroCronista";"Héroe";"VISIBILITY";"exigencia de construcción; no ejecutado en motor v2"
"CARD-58-EVENT";"heroCronista";"Héroe";"EVENT";"exigencia de construcción; no ejecutado en motor v2"
"CARD-59-EFFECT";"heroExploradora";"Héroe";"EFFECT";"exigencia de construcción; no ejecutado en motor v2"
"CARD-59-COST";"heroExploradora";"Héroe";"COST";"exigencia de construcción; no ejecutado en motor v2"
"CARD-59-TURN";"heroExploradora";"Héroe";"TURN";"exigencia de construcción; no ejecutado en motor v2"
"CARD-59-REVISION";"heroExploradora";"Héroe";"REVISION";"exigencia de construcción; no ejecutado en motor v2"
"CARD-59-REPLAY";"heroExploradora";"Héroe";"REPLAY";"exigencia de construcción; no ejecutado en motor v2"
"CARD-59-INSTANCE";"heroExploradora";"Héroe";"INSTANCE";"exigencia de construcción; no ejecutado en motor v2"
"CARD-59-VISIBILITY";"heroExploradora";"Héroe";"VISIBILITY";"exigencia de construcción; no ejecutado en motor v2"
"CARD-59-EVENT";"heroExploradora";"Héroe";"EVENT";"exigencia de construcción; no ejecutado en motor v2"
"CARD-60-EFFECT";"umbral";"Artefacto";"EFFECT";"exigencia de construcción; no ejecutado en motor v2"
"CARD-60-COST";"umbral";"Artefacto";"COST";"exigencia de construcción; no ejecutado en motor v2"
"CARD-60-TURN";"umbral";"Artefacto";"TURN";"exigencia de construcción; no ejecutado en motor v2"
"CARD-60-REVISION";"umbral";"Artefacto";"REVISION";"exigencia de construcción; no ejecutado en motor v2"
"CARD-60-REPLAY";"umbral";"Artefacto";"REPLAY";"exigencia de construcción; no ejecutado en motor v2"
"CARD-60-INSTANCE";"umbral";"Artefacto";"INSTANCE";"exigencia de construcción; no ejecutado en motor v2"
"CARD-60-VISIBILITY";"umbral";"Artefacto";"VISIBILITY";"exigencia de construcción; no ejecutado en motor v2"
"CARD-60-EVENT";"umbral";"Artefacto";"EVENT";"exigencia de construcción; no ejecutado en motor v2"
